idx,umls_cui,se_name
0,C0027497,Nausea
1,C0018681,Headache
2,C0012833,Dizziness
3,C0042963,Vomiting
4,C0011991,Diarrhoea
5,C0015230,Dermatitis
6,C0033774,Pruritus
7,C0000737,Abdominal pain
8,C0015672,Asthenia
9,C0004093,Asthenia
10,C0009806,Constipation
11,C0020517,Hypersensitivity
12,C0013404,Dyspnoea
13,C0015967,Body temperature increased
14,C0042109,Urticaria
15,C0917801,Insomnia
16,C0013395,Dyspepsia
17,C0043352,Dry mouth
18,C0030554,Paraesthesia
19,C0020538,Hypertension
20,C0020649,Hypotension
21,C0040034,Thrombocytopenia
22,C0039231,Tachycardia
23,C0013604,Oedema
24,C0003862,Arthralgia
25,C0030193,Pain
26,C0231528,Myalgia
27,C0008031,Chest pain
28,C0004604,Back pain
29,C0010200,Cough
30,C2830004,Somnolence
31,C0002871,Anaemia
32,C0040822,Tremor
33,C0002994,Angioedema
34,C0036572,Convulsion
35,C0009676,Feeling abnormal
36,C0002792,Anaphylactic shock
37,C0030252,Palpitations
38,C0023530,Leukopenia
39,C0009450,Infection
40,C0003467,Anxiety
41,C0003123,Decreased appetite
42,C0042571,Vertigo
43,C0039070,Shock
44,C0002170,Alopecia
45,C0344232,Vision blurred
46,C0013378,Dysgeusia
47,C0017178,Gastrointestinal disorder
48,C0085631,Agitation
49,C0031350,Pharyngitis
50,C0027765,Nervous system disorder
51,C0178298,Skin disorder
52,C0041912,Upper respiratory tract infection
53,C0231218,Feeling abnormal
54,C0085649,Oedema peripheral
55,C0428977,Bradycardia
56,C0016204,Flatulence
57,C0037199,Sinusitis
58,C0035455,Rhinitis
59,C0018524,Hallucination
60,C0003811,Arrhythmia
61,C0027769,Nervousness
62,C0038325,Stevens-Johnson syndrome
63,C0042029,Urinary tract infection
64,C0019158,Hepatitis
65,C0011570,Depression
66,C0016382,Flushing
67,C0009763,Conjunctivitis
68,C0242350,Erectile dysfunction
69,C0020456,Hyperglycaemia
70,C0040264,Tinnitus
71,C0021400,Influenza
72,C0041834,Erythema
73,C0018965,Haematuria
74,C0043096,Weight decreased
75,C0032285,Pneumonia
76,C0027947,Neutropenia
77,C0014591,Epistaxis
78,C0020580,Hypoaesthesia
79,C0151905,Alanine aminotransferase increased
80,C0030305,Pancreatitis
81,C0006277,Bronchitis
82,C0004238,Atrial fibrillation
83,C0085593,Chills
84,C0001824,Agranulocytosis
85,C0162429,Malnutrition
86,C0006266,Bronchospasm
87,C0232462,Decreased appetite
88,C0026821,Muscle spasms
89,C0011168,Dysphagia
90,C0002962,Angina pectoris
91,C0043094,Weight increased
92,C0027441,Nasopharyngitis
93,C0022346,Jaundice
94,C0014518,Toxic epidermal necrolysis
95,C0004134,Ataxia
96,C0020621,Hypokalaemia
97,C0004936,Mental disorder
98,C0020651,Orthostatic hypotension
99,C0018799,Cardiac disorder
100,C0021053,Immune system disorder
101,C0042023,Pollakiuria
102,C0014742,Erythema multiforme
103,C0025061,Mediastinal disorder
104,C0038362,Stomatitis
105,C0080274,Urinary retention
106,C0017152,Gastritis
107,C0019080,Haemoglobin
108,C0020625,Hyponatraemia
109,C0012569,Diplopia
110,C0027051,Myocardial infarction
111,C0042373,Angiopathy
112,C0015397,Eye disorder
113,C0030196,Pain in extremity
114,C0151904,Aspartate aminotransferase increased
115,C0542571,Face oedema
116,C0020615,Hypoglycaemia
117,C0014457,Eosinophilia
118,C0149931,Migraine
119,C0013428,Dysuria
120,C0600142,Menopausal symptoms
121,C0017181,Gastrointestinal haemorrhage
122,C0151908,Dry skin
123,C0011175,Dehydration
124,C0151827,Eye pain
125,C0022660,Renal failure acute
126,C0151766,Liver function test abnormal
127,C0085633,Mood swings
128,C0035078,Renal failure
129,C0038990,Hyperhidrosis
130,C0042075,Urinary tract disorder
131,C0017160,Gastroenteritis
132,C0011606,Dermatitis exfoliative
133,C0013144,Somnolence
134,C0030312,Pancytopenia
135,C0003864,Arthritis
136,C0037763,Muscle spasms
137,C0013595,Eczema
138,C0038999,Swelling
139,C0020458,Hyperhidrosis
140,C0011603,Dermatitis
141,C0023380,Lethargy
142,C0034150,Purpura
143,C0004096,Asthma
144,C0018801,Cardiac failure
145,C0038454,Cerebrovascular accident
146,C0027424,Nasal congestion
147,C0009782,Connective tissue disorder
148,C0042024,Urinary incontinence
149,C0700590,Hyperhidrosis
150,C0033975,Psychotic disorder
151,C0267792,Hepatobiliary disease
152,C0022107,Irritability
153,C0232461,Increased appetite
154,C0085605,Hepatic failure
155,C0002622,Amnesia
156,C0314719,Dry eye
157,C1565489,Renal failure
158,C0013456,Ear pain
159,C0001807,Aggression
160,C0039971,Thirst
161,C0151578,Blood creatinine increased
162,C0035410,Rhabdomyolysis
163,C0162830,Photosensitivity reaction
164,C0036974,Shock
165,C0026826,Hypertonia
166,C0018418,Gynaecomastia
167,C0243026,Sepsis
168,C0851341,Infestation
169,C0032617,Urine output increased
170,C0018802,Cardiac failure congestive
171,C0520966,Coordination abnormal
172,C0151539,Blood urea increased
173,C0497156,Lymphadenopathy
174,C0034065,Pulmonary embolism
175,C0020461,Hyperkalaemia
176,C0151786,Muscular weakness
177,C0011124,Disturbance in sexual arousal
178,C0037036,Salivary hypersecretion
179,C0014724,Eructation
180,C0018099,Gout
181,C0034063,Pulmonary oedema
182,C0031117,Neuropathy peripheral
183,C0023218,Muscle spasms
184,C0232487,Abdominal discomfort
185,C0151636,Ventricular extrasystoles
186,C3665386,Visual impairment
187,C0235146,Euphoric mood
188,C0085636,Photophobia
189,C0575081,Gait disturbance
190,C0028084,Nightmare
191,C0013384,Dyskinesia
192,C0233407,Disorientation
193,C0234458,Abnormal dreams
194,C0220870,Dizziness
195,C0349506,Photosensitivity reaction
196,C0013491,Ecchymosis
197,C0423791,Rash maculo-papular
198,C0028734,Nocturia
199,C0151825,Bone pain
200,C0267596,Rectal haemorrhage
201,C0151849,Blood alkaline phosphatase increased
202,C0340865,Anaphylactic shock
203,C0010692,Bladder pain
204,C0018790,Cardiac arrest
205,C0009319,Colitis
206,C0232492,Abdominal pain upper
207,C0011206,Delirium
208,C0040479,Torsade de pointes
209,C0002874,Aplastic anaemia
210,C0042267,Vaginal inflammation
211,C0151736,Injury
212,C0231530,Muscle twitching
213,C0233632,Thinking abnormal
214,C0015371,Extrapyramidal disorder
215,C0025222,Melaena
216,C0013362,Dysarthria
217,C0547030,Visual impairment
218,C0002878,Haemolytic anaemia
219,C0013390,Dysmenorrhoea
220,C0085632,Flat affect
221,C0011849,Diabetes mellitus
222,C0014868,Oesophagitis
223,C0031542,Phlebitis
224,C0000731,Abdominal distension
225,C0040046,Thrombophlebitis
226,C0017675,Glossitis
227,C0020443,Hypercholesterolaemia
228,C0042384,Vasculitis
229,C0851578,Sleep disorder
230,C0020598,Hypocalcaemia
231,C0424295,Hyperkinesia
232,C0019521,Hiccups
233,C0020433,Hyperbilirubinaemia
234,C0002453,Amenorrhoea
235,C0023518,Leukocytosis
236,C0028738,Nystagmus
237,C0151907,Skin discolouration
238,C0702166,Acne
239,C0086543,Cataract
240,C0009938,Contusion
241,C0006145,Breast disorder
242,C0026858,Musculoskeletal pain
243,C0040053,Thrombosis
244,C0022408,Arthropathy
245,C0020676,Hypothyroidism
246,C0011053,Deafness
247,C0085628,Stupor
248,C0038663,Suicide attempt
249,C0020453,Hyperaesthesia
250,C0039240,Supraventricular tachycardia
251,C0011253,Delusion
252,C0027066,Myoclonus
253,C0042514,Ventricular tachycardia
254,C0151735,Injection site reaction
255,C0442874,Neuropathy peripheral
256,C0086565,Hepatic function abnormal
257,C0497247,Blood pressure increased
258,C0149745,Mouth ulceration
259,C0020039,Hostility
260,C0025323,Menorrhagia
261,C0392171,Influenza like illness
262,C0033860,Psoriasis
263,C0042769,Viral infection
264,C0151662,Gamma-glutamyltransferase increased
265,C0001925,Albuminuria
266,C0036454,Scotoma
267,C0574067,Cough
268,C0008325,Cholecystitis
269,C1260880,Nasopharyngitis
270,C0024902,Breast pain
271,C0007859,Neck pain
272,C0037299,Skin ulcer
273,C0017601,Glaucoma
274,C0020473,Hyperlipidaemia
275,C0026961,Mydriasis
276,C0011551,Depersonalisation
277,C0027707,Tubulointerstitial nephritis
278,C0004245,Atrioventricular block
279,C0017168,Gastrooesophageal reflux disease
280,C0018926,Haematemesis
281,C0019079,Haemoptysis
282,C0858635,Laryngeal pain
283,C0005741,Blepharitis
284,C0007642,Cellulitis
285,C0037822,Speech disorder
286,C0235996,Hepatic enzyme increased
287,C0392156,Akathisia
288,C0031256,Petechiae
289,C0030232,Pallor
290,C0235710,Chest pain
291,C0009421,Coma
292,C0424000,Suicidal ideation
293,C0086439,Hypokinesia
294,C0027796,Neuralgia
295,C0024312,Lymphopenia
296,C1510410,Parosmia
297,C0042401,Vasodilation procedure
298,C0740394,Blood uric acid increased
299,C0041657,Loss of consciousness
300,C0235266,Eye irritation
301,C0151798,Hepatic necrosis
302,C0085612,Ventricular arrhythmia
303,C0011616,Dermatitis contact
304,C0085606,Pollakiuria
305,C2364111,Ageusia
306,C0043144,Wheezing
307,C0027849,Neuroleptic malignant syndrome
308,C0021177,Disturbance in sexual arousal
309,C0151828,Injection site pain
310,C0016658,Multiple fractures
311,C0026848,Myopathy
312,C1258215,Ileus
313,C0338831,Mania
314,C0234215,Discomfort
315,C0151723,Hypomagnesaemia
316,C0017979,Glycosuria
317,C0038358,Gastric ulcer
318,C0037274,Skin disorder
319,C0022650,Nephrolithiasis
320,C0235660,Galactorrhoea
321,C0206062,Interstitial lung disease
322,C0017574,Gingivitis
323,C0020578,Hyperventilation
324,C0033687,Protein urine present
325,C0152198,Accommodation disorder
326,C0020437,Hypercalcaemia
327,C0151602,Swelling face
328,C0029882,Otitis media
329,C0021843,Intestinal obstruction
330,C0151772,Mania
331,C0233794,Memory impairment
332,C0003578,Apnoea
333,C1291077,Abdominal distension
334,C1384666,Hearing impaired
335,C0029456,Osteoporosis
336,C0151610,Tongue disorder
337,C0008350,Cholelithiasis
338,C0235431,Blood creatinine increased
339,C0162834,Skin hyperpigmentation
340,C0311468,Blood bilirubin increased
341,C0085584,Encephalopathy
342,C0233414,Disturbance in attention
343,C0151883,Dermatitis bullous
344,C0023067,Laryngitis
345,C0019360,Herpes zoster
346,C0031212,Personality disorder
347,C0017565,Gingival bleeding
348,C0026946,Fungal infection
349,C0019348,Herpes simplex
350,C2979982,Vaginal haemorrhage
351,C0085682,Hypophosphataemia
352,C0025345,Menstrual disorder
353,C0032227,Pleural effusion
354,C0237849,Skin exfoliation
355,C0002418,Amblyopia
356,C0149871,Deep vein thrombosis
357,C0042510,Ventricular fibrillation
358,C0836924,Thrombocytosis
359,C0035243,Respiratory tract infection
360,C0021141,Inappropriate antidiuretic hormone secretion
361,C0008370,Cholestasis
362,C0340464,Extrasystoles
363,C0234913,Rash erythematous
364,C0234632,Visual acuity reduced
365,C0521839,Influenza like illness
366,C0011609,Drug eruption
367,C0947912,Muscular weakness
368,C0558489,Renal pain
369,C0151603,Generalised oedema
370,C0028961,Oliguria
371,C0026827,Muscle relaxant therapy
372,C0549622,Sexual dysfunction
373,C0023066,Laryngospasm
374,C0424790,Chills
375,C3665347,Visual impairment
376,C2129214,Diarrhoea
377,C0151836,Paranoia
378,C0019112,Haemorrhoids
379,C0003537,Aphasia
380,C0236024,Pharyngeal oedema
381,C0040460,Toothache
382,C0030920,Peptic ulcer
383,C0151576,Blood creatine phosphokinase increased
384,C0021368,Inflammation
385,C0522224,Paralysis
386,C0025874,Metrorrhagia
387,C0236071,Throat tightness
388,C0007222,Cardiovascular disorder
389,C0018944,Haematoma
390,C0151505,Application site reaction
391,C2937358,Cerebral haemorrhage
392,C0242429,Oropharyngeal discomfort
393,C0333355,Mucosal inflammation
394,C0033117,Priapism
395,C0162285,Eyelid oedema
396,C1456784,Paranoia
397,C0014130,Endocrine disorder
398,C0022568,Keratitis
399,C0018794,Atrioventricular block
400,C0006840,Candida infection
401,C0152029,Sinus congestion
402,C0040435,Tooth disorder
403,C0043387,Yawning
404,C0206061,Interstitial lung disease
405,C0917798,Cerebral ischaemia
406,C0037317,Sleep disorder
407,C0476273,Respiratory distress
408,C0522055,Electrocardiogram abnormal
409,C1720775,Renal tubular necrosis
410,C1443060,Feeling abnormal
411,C0006384,Bundle branch block
412,C0006849,Oral candidiasis
413,C0041582,Ulcer
414,C0151878,Electrocardiogram QT prolonged
415,C0028081,Night sweats
416,C0022354,Jaundice cholestatic
417,C0034880,Hyperacusis
418,C1527344,Dysphonia
419,C0042164,Uveitis
420,C0235309,Abdominal discomfort
421,C0019572,Hirsutism
422,C0023533,Vaginal discharge
423,C2225524,Breast enlargement
424,C0007787,Transient ischaemic attack
425,C0152227,Lacrimation increased
426,C0020557,Hypertriglyceridaemia
427,C0030794,Pelvic pain
428,C0038363,Aphthous stomatitis
429,C0549249,Altered state of consciousness
430,C0027651,Neoplasm
431,C0036508,Seborrhoeic dermatitis
432,C0011071,Sudden death
433,C0014549,Grand mal convulsion
434,C2363731,Oropharyngeal pain
435,C0151889,Hyperreflexia
436,C0151754,Blood lactate dehydrogenase increased
437,C0015732,Faecal incontinence
438,C0699828,Serotonin syndrome
439,C0014743,Erythema nodosum
440,C0014394,Enuresis
441,C0027813,Neuritis
442,C0027932,Neurosis
443,C0392386,Platelet count decreased
444,C0277925,Peripheral coldness
445,C0005779,Coagulopathy
446,C0005940,Bone disorder
447,C0024282,Lymphocytosis
448,C0018991,Hemiplegia
449,C0018939,Blood disorder
450,C0006325,Bruxism
451,C0000833,Abscess
452,C0031039,Pericardial effusion
453,C0023895,Liver disorder
454,C0018834,Dyspepsia
455,C0235378,Hepatotoxicity
456,C0017605,Angle closure glaucoma
457,C0006444,Bursitis
458,C0700184,Throat irritation
459,C0151744,Myocardial ischaemia
460,C0015402,Eye haemorrhage
461,C0085096,Peripheral vascular disorder
462,C0151773,Pancytopenia
463,C1956346,Coronary artery disease
464,C0004239,Atrial flutter
465,C0085641,Rash pustular
466,C0018021,Goitre
467,C0973461,Aphasia
468,C0235198,Mental disability
469,C0022081,Iritis
470,C2747793,Acute phosphate nephropathy
471,C0026837,Muscle rigidity
472,C0234133,Extrapyramidal disorder
473,C0006852,Vulvovaginal candidiasis
474,C0039503,Tendonitis
475,C0034186,Pyelonephritis
476,C0023052,Laryngeal oedema
477,C0027709,Nephrocalcinosis
478,C0085624,Burning sensation
479,C0002884,Hypochromic anaemia
480,C0013295,Duodenal ulcer
481,C0162119,Haemoglobin decreased
482,C0575090,Balance disorder
483,C0023222,Pain in extremity
484,C0235063,Respiratory depression
485,C0020672,Hypothermia
486,C0746883,Febrile neutropenia
487,C0022281,Eye pruritus
488,C0149904,Hepatitis cholestatic
489,C0235234,Dry throat
490,C0234238,Pain
491,C0151596,Tongue discolouration
492,C0268000,Fluid retention
493,C0392025,Abdominal distension
494,C0010520,Cyanosis
495,C0012813,Diverticulitis
496,C0392699,Dysaesthesia
497,C0031154,Peritonitis
498,C2939147,Feeling hot
499,C3203358,Hypoxia
500,C2937350,Ejaculation disorder
501,C0152031,Joint swelling
502,C0039520,Tenosynovitis
503,C0948525,Musculoskeletal stiffness
504,C0020550,Hyperthyroidism
505,C0038661,Completed suicide
506,C0852911,Blood alkaline phosphatase increased
507,C0005758,Blister
508,C0038450,Stridor
509,C1145670,Respiratory failure
510,C0151838,Paraesthesia oral
511,C0029134,Optic neuritis
512,C0687133,Drug interaction
513,C0086769,Panic attack
514,C0151699,Haemorrhage intracranial
515,C0020542,Pulmonary hypertension
516,C0235490,Peripheral ischaemia
517,C0232459,Dyspepsia
518,C0031046,Pericarditis
519,C0001122,Acidosis
520,C0235818,Dermatitis bullous
521,C0024141,Systemic lupus erythematosus
522,C0302295,Rash
523,C0016867,Furuncle
524,C0332575,Erythema
525,C0151763,Hepatocellular injury
526,C0151205,Periorbital oedema
527,C0241863,Diabetes mellitus
528,C0006826,Neoplasm malignant
529,C0042134,Uterine haemorrhage
530,C0438717,Transaminases increased
531,C0003873,Arthritis
532,C0233477,Dysphoria
533,C0043251,Injury
534,C0686347,Tardive dyskinesia
535,C0007971,Cheilitis
536,C0011615,Dermatitis atopic
537,C0549209,Feeling jittery
538,C0041349,Tubulointerstitial nephritis
539,C0029442,Osteomalacia
540,C0024236,Lymphoedema
541,C0028643,Hypoaesthesia
542,C0018800,Cardiomegaly
543,C0151740,Intracranial pressure increased
544,C0021845,Intestinal perforation
545,C0151888,Hyporeflexia
546,C0241934,Hypomania
547,C0546817,Fluid overload
548,C0677500,Pain
549,C0036830,Serum sickness
550,C0011630,Fungal skin infection
551,C0162529,Colitis ischaemic
552,C0332534,Induration
553,C0085583,Choreoathetosis
554,C0700225,Blood creatinine increased
555,C0009760,Conjunctival haemorrhage
556,C0038367,Mouth ulceration
557,C0152517,Viral diarrhoea
558,C0878544,Cardiomyopathy
559,C0042345,Varicose vein
560,C0857305,Thrombocytopenic purpura
561,C0085610,Sinus bradycardia
562,C0036416,Scleritis
563,C0155169,Endophthalmitis
564,C0004144,Pneumothorax
565,C0027121,Myositis
566,C1096035,Infusion site pain
567,C1257843,Pseudomembranous colitis
568,C0027339,Nail disorder
569,C0277585,Drug intolerance
570,C0151436,Leukocytoclastic vasculitis
571,C0151474,Alcohol intolerance
572,C0020639,Hypoproteinaemia
573,C0235639,Urine analysis abnormal
574,C0221100,Hangover
575,C0019151,Hepatic encephalopathy
576,C0235086,Muscle contractions involuntary
577,C0242422,Parkinsonism
578,C0019825,Dysphonia
579,C0234233,Tenderness
580,C0002957,Anger
581,C0002390,Alveolitis allergic
582,C0234022,Anorgasmia
583,C0022104,Irritable bowel syndrome
584,C0041364,Tumour lysis syndrome
585,C0000729,Abdominal pain
586,C0001339,Pancreatitis acute
587,C1457883,Aggression
588,C0152027,Sensory disturbance
589,C0007820,Cerebrovascular disorder
590,C0003962,Ascites
591,C1527311,Brain oedema
592,C0042035,Micturition disorder
593,C0013447,Ear disorder
594,C0541832,Chromaturia
595,C0852733,Completed suicide
596,C0870082,Hyperkeratosis
597,C0497327,Dementia
598,C0035222,Acute respiratory distress syndrome
599,C0015376,Extravasation
600,C0016436,Folliculitis
601,C0085635,Photopsia
602,C0085637,Oculogyric crisis
603,C0015469,VIIth nerve paralysis
604,C0344315,Depressed mood
605,C0162298,Joint stiffness
606,C0027726,Nephrotic syndrome
607,C0233514,Abnormal behaviour
608,C0022116,Ischaemia
609,C0234518,Dysarthria
610,C2697368,Abdominal discomfort
611,C1971624,Decreased appetite
612,C2004489,Regurgitation
613,C0235567,Sputum increased
614,C0019209,Hepatomegaly
615,C0235896,Lung infiltration
616,C0234987,Dizziness postural
617,C0033575,Prostatic disorder
618,C0028259,Nodule
619,C0032290,Pneumonia aspiration
620,C0032231,Pleurisy
621,C0033036,Supraventricular extrasystoles
622,C0018946,Subdural haematoma
623,C0018808,Cardiac murmur
624,C0232493,Abdominal pain upper
625,C0030552,Paresis
626,C0151717,Skin hypertrophy
627,C0020514,Hyperprolactinaemia
628,C0020569,Salivary gland enlargement
629,C0034155,Thrombotic thrombocytopenic purpura
630,C0034069,Pulmonary fibrosis
631,C0033771,Prurigo
632,C0349790,Asthma
633,C0162297,Respiratory arrest
634,C0085614,Atrioventricular block first degree
635,C0521500,Injection site extravasation
636,C0035258,Restless legs syndrome
637,C0035317,Retinal haemorrhage
638,C0497365,Rash generalised
639,C0438215,Laboratory test abnormal
640,C0427008,Musculoskeletal stiffness
641,C0920102,Blood phosphorus decreased
642,C0156404,Menstruation irregular
643,C0853692,Blood triglycerides increased
644,C0855333,Electrocardiogram QT prolonged
645,C1761613,Conjunctival hyperaemia
646,C0038587,Withdrawal syndrome
647,C2973529,Leukocytoclastic vasculitis
648,C0152032,Urinary hesitation
649,C0040485,Torticollis
650,C0041105,Trismus
651,C0948991,Injection site discolouration
652,C0162835,Leukoderma
653,C0027697,Nephritis
654,C0877232,Local swelling
655,C0026205,Miosis
656,C0025637,Methaemoglobinaemia
657,C0025290,Meningitis aseptic
658,C0205204,Scab
659,C0151594,Diarrhoea haemorrhagic
660,C0239981,Hypoalbuminaemia
661,C0151611,Electroencephalogram abnormal
662,C0018772,Hearing impaired
663,C0162316,Iron deficiency anaemia
664,C0026650,Dyskinesia
665,C0221201,Rash macular
666,C0231919,Nasal dryness
667,C0750394,White blood cell count decreased
668,C0233565,Bradykinesia
669,C0008033,Pleuritic pain
670,C0221512,Abdominal pain upper
671,C0037383,Sneezing
672,C0085602,Polydipsia
673,C0548823,Abdominal discomfort
674,C0595877,Blood glucose increased
675,C0234708,Intraocular pressure increased
676,C0233715,Speech disorder
677,C0022904,Lacrimal disorder
678,C0030446,Ileus paralytic
679,C0020546,Hypertensive crisis
680,C0235437,Gravitational oedema
681,C0030353,Optic neuritis
682,C0151701,Pulmonary haemorrhage
683,C0034359,Pyuria
684,C0235886,Oedema peripheral
685,C0235901,Lacrimal disorder
686,C0019270,Hernia
687,C0014236,Endophthalmitis
688,C0151479,Amylase increased
689,C0242184,Hypoxia
690,C0151970,Oesophageal ulcer
691,C0392525,Nephrolithiasis
692,C0423006,Eye discharge
693,C0151313,Peripheral sensory neuropathy
694,C0151315,Nuchal rigidity
695,C0017672,Glossodynia
696,C0271051,Macular oedema
697,C0270996,Eye swelling
698,C0151626,Toxic epidermal necrolysis
699,C0259799,Punctate keratitis
700,C0027540,Necrosis
701,C0152030,Skin irritation
702,C0039239,Sinus tachycardia
703,C0032326,Pneumothorax
704,C0151559,Depressed level of consciousness
705,C0349231,Anxiety
706,C0016199,Flank pain
707,C0476281,Non-cardiac chest pain
708,C0013922,Embolism
709,C0151746,Renal impairment
710,C0151692,Impaired healing
711,C0033246,Proctitis
712,C0278106,Ejaculation failure
713,C0020452,Hyperaemia
714,C0860866,Blood potassium decreased
715,C0877055,Acute generalised exanthematous pustulosis
716,C0004623,Bacterial infection
717,C0005586,Bipolar I disorder
718,C0024115,Lung disorder
719,C0151872,Prothrombin level increased
720,C0917799,Hypersomnia
721,C0006625,Cachexia
722,C0038220,Status epilepticus
723,C0476280,Musculoskeletal chest pain
724,C0035309,Retinal disorder
725,C0020488,Hypernatraemia
726,C0020701,Conversion disorder
727,C0021775,Intermittent claudication
728,C0029878,Otitis externa
729,C0011880,Diabetic ketoacidosis
730,C0013298,Duodenitis
731,C0037284,Skin lesion
732,C0079102,Cerebral thrombosis
733,C0549475,Lipase increased
734,C0010709,Cyst
735,C0085616,Vasospasm
736,C0085623,Akinesia
737,C0521490,Application site irritation
738,C0235315,Faeces discoloured
739,C0029408,Osteoarthritis
740,C0037672,Somnambulism
741,C0699744,Ear infection
742,C0043349,Xerophthalmia
743,C0029261,Orgasm abnormal
744,C0853034,Blood creatine phosphokinase increased
745,C0024894,Mastitis
746,C0221242,Drug eruption
747,C0037315,Sleep apnoea syndrome
748,C0853700,Application site erythema
749,C0030318,Panic reaction
750,C0029928,Ovarian disorder
751,C0232726,Anorectal discomfort
752,C0233472,Affect lability
753,C0151799,Skin necrosis
754,C0151824,Biliary colic
755,C0877359,Liver function test abnormal
756,C0151937,Tendon rupture
757,C0025289,Meningitis
758,C0340909,Arteriovenous fistula thrombosis
759,C0423153,Lacrimation increased
760,C0034152,Henoch-Schonlein purpura
761,C0151698,Injection site haemorrhage
762,C0403723,Candiduria
763,C0474381,Chromatopsia
764,C0014335,Enteritis
765,C0455204,Homicidal ideation
766,C0151752,Galactorrhoea
767,C0034882,Anorectal disorder
768,C0235969,Ejaculation disorder
769,C0087169,Drug withdrawal syndrome
770,C0149725,Lower respiratory tract infection
771,C0270458,Major depression
772,C0018520,Breath odour
773,C0236068,Swollen tongue
774,C0274312,Graft complication
775,C0151601,Conjunctival oedema
776,C0032961,Pregnancy
777,C0019087,Haemorrhagic disorder
778,C0032584,Polyp
779,C0155626,Acute myocardial infarction
780,C0003460,Anuria
781,C2242996,Paraesthesia
782,C0026857,Musculoskeletal disorder
783,C0027059,Myocarditis
784,C0026896,Myasthenia gravis
785,C0152025,Polyneuropathy
786,C2981158,Loss of libido
787,C3665346,Blindness
788,C3489393,Hiatus hernia
789,C0000768,Developmental delay
790,C0039621,Tetany
791,C0040038,Embolism
792,C1096250,Abdominal discomfort
793,C1291078,Epigastric discomfort
794,C0004095,Asthenopia
795,C0018932,Haematochezia
796,C0151538,Dyskinesia
797,C0151517,Atrioventricular block complete
798,C1527358,Photosensitivity reaction
799,C1527407,Eosinophilic pneumonia
800,C1608945,Exfoliative rash
801,C0003615,Appendicitis
802,C0086525,Fatigue
803,C0015300,Exophthalmos
804,C0426576,Gastrointestinal disorder
805,C0409974,Systemic lupus erythematosus
806,C0302809,Hepatitis fulminant
807,C0016385,Cardiac flutter
808,C0016034,Fibrocystic breast disease
809,C0242073,Pulmonary congestion
810,C0241057,Skin burning sensation
811,C0264886,Conduction disorder
812,C0241633,Vulvovaginal dryness
813,C0019054,Haemolysis
814,C0033775,Pruritus genital
815,C0011334,Dental caries
816,C0546884,Hypovolaemia
817,C0035305,Retinal detachment
818,C0014356,Enterocolitis
819,C0427108,Balance disorder
820,C0235267,Ocular hyperaemia
821,C0151737,Injury
822,C0235416,Blood uric acid increased
823,C0151734,Injection site inflammation
824,C0235351,Tongue ulceration
825,C0475858,Pruritus generalised
826,C0521465,Toxic skin eruption
827,C0236000,Pain in jaw
828,C0085680,Hypochloraemia
829,C0014534,Epididymitis
830,C0236065,Oedema mouth
831,C0030846,Penis disorder
832,C0030848,Peyronie's disease
833,C0085688,Breast engorgement
834,C0080203,Tachyarrhythmia
835,C0036980,Cardiogenic shock
836,C0036396,Sciatica
837,C0006114,Brain oedema
838,C0231807,Dyspnoea exertional
839,C0232292,Chest discomfort
840,C0220981,Metabolic acidosis
841,C0026603,Motion sickness
842,C0948595,Ocular discomfort
843,C1306341,Mental retardation
844,C2711248,Osteonecrosis of jaw
845,C0002888,Anaemia megaloblastic
846,C0004610,Bacteraemia
847,C0025320,Menopause
848,C0005747,Blepharospasm
849,C0860803,Blood glucose increased
850,C0858259,Nasal discomfort
851,C0854382,Libido disorder
852,C0026766,Multi-organ failure
853,C0553721,Hypohidrosis
854,C0595930,Blood cholesterol increased
855,C0700200,Presyncope
856,C0233763,"Hallucination, visual"
857,C0234894,Dermatitis acneiform
858,C0022658,Nephropathy
859,C0234047,Ejaculation delayed
860,C0021167,Incontinence
861,C0521495,Application site rash
862,C0541799,Dysgeusia
863,C0012739,Disseminated intravascular coagulation
864,C0013132,Drooling
865,C0013182,Drug hypersensitivity
866,C0853697,Neutrophil count decreased
867,C0853714,Application site pruritus
868,C0231365,Dysuria
869,C0751295,Amnesia
870,C0233494,Tension
871,C0007785,Cerebral infarction
872,C0687713,Gastrointestinal pain
873,C0221170,Musculoskeletal stiffness
874,C0009324,Proctocolitis
875,C0085692,Cystitis haemorrhagic
876,C0423602,Sensation of foreign body
877,C0085932,Dermatitis bullous
878,C0151996,Uterine leiomyoma
879,C1262064,Oculogyric crisis
880,C0041948,Azotaemia
881,C1519353,Rash papular
882,C3248383,Logorrhoea
883,C0001125,Lactic acidosis
884,C3251821,Catatonia
885,C0392163,Corneal erosion
886,C0033845,Benign intracranial hypertension
887,C0033893,Tension headache
888,C0239454,Erythema of eyelid
889,C0344320,Abnormal dreams
890,C1861172,Embolism venous
891,C0151605,Injection site swelling
892,C0241136,Pain of skin
893,C0239739,Gingival pain
894,C0020555,Hypertrichosis
895,C0427086,Dyskinesia
896,C0085681,Hyperphosphataemia
897,C0020523,Type I hypersensitivity
898,C0701811,Amnesia
899,C0595883,Blood glucose decreased
900,C0010038,Corneal opacity
901,C0600228,Cardio-respiratory arrest
902,C0085615,Bundle branch block right
903,C0553732,Prothrombin level decreased
904,C0549356,Injury
905,C0037195,Sinus headache
906,C0151765,Hepatic steatosis
907,C0022893,Labyrinthitis
908,C0518988,Tooth abscess
909,C0521491,Application site pain
910,C0022602,Actinic keratosis
911,C0234930,Skin odour abnormal
912,C0520888,Electrocardiogram T wave inversion
913,C0520887,Electrocardiogram ST segment depression
914,C0085684,Peroneal nerve palsy
915,C0034642,Rales
916,C0235876,Depression
917,C0034886,Proctalgia
918,C0031099,Periodontitis
919,C0151686,Growth retardation
920,C0151664,Gastrointestinal perforation
921,C0235750,Hypertension
922,C0151713,Gastric pH decreased
923,C0008035,Musculoskeletal chest pain
924,C0043049,Water intoxication
925,C0008372,Cholestasis
926,C0029118,Opportunistic infection
927,C0151826,Chest pain
928,C0009241,Cognitive disorder
929,C0029124,Optic atrophy
930,C0042790,Visual impairment
931,C0029445,Osteonecrosis
932,C0232431,Cold sweat
933,C0007286,Carpal tunnel syndrome
934,C0743680,Eye oedema
935,C0853149,Blood lactate dehydrogenase increased
936,C0024299,Lymphoma
937,C0227791,Vaginal discharge
938,C0233523,Antisocial behaviour
939,C0233571,Agitation
940,C0037384,Snoring
941,C0029927,Ovarian cyst
942,C0037287,Skin mass
943,C0856054,Mental status changes
944,C0042487,Venous thrombosis
945,C0038160,Staphylococcal infection
946,C0877322,Muscle tightness
947,C0160390,Traumatic liver injury
948,C0151942,Arterial thrombosis
949,C0162287,Abnormal faeces
950,C0007117,Basal cell carcinoma
951,C0857496,Embolism
952,C0857093,Hepatic enzyme increased
953,C0042133,Uterine leiomyoma
954,C0920289,Sluggishness
955,C0948294,Eyelid margin crusting
956,C0038525,Subarachnoid haemorrhage
957,C0002965,Angina pectoris
958,C0040584,Tracheitis
959,C0001883,Obstructive airways disorder
960,C0040409,Tongue disorder
961,C0040147,Thyroiditis
962,C0271412,Ear haemorrhage
963,C0264893,Nodal arrhythmia
964,C0017566,Gingival hyperplasia
965,C2239176,Hepatocellular carcinoma
966,C2242621,Erection increased
967,C0260662,Hearing impaired
968,C0262662,Ventricular extrasystoles
969,C0282193,Iron overload
970,C0332563,Papule
971,C0338591,Transient global amnesia
972,C0242339,Dyslipidaemia
973,C0242528,Azotaemia
974,C0241442,Protrusion tongue
975,C0347390,Skin papilloma
976,C0019061,Haemolytic uraemic syndrome
977,C0019147,Coma hepatic
978,C0240327,Dysgeusia
979,C0240717,Perineal pain
980,C0392197,Feeling hot
981,C0393760,Initial insomnia
982,C1760428,Suicidal behaviour
983,C0042376,Vascular headache
984,C0039591,Testicular pain
985,C0015644,Muscle contractions involuntary
986,C0239340,Oedema peripheral
987,C0015734,Faecalith
988,C0237938,Gastrointestinal ulcer
989,C0239134,Productive cough
990,C0424230,Psychomotor retardation
991,C0424296,Disinhibition
992,C0014863,Oesophageal spasm
993,C0015256,Excoriation
